,Unnamed: 0,0,1,2
0,AAACCTGAGACAAAGG-1,0.749210940208768,0.7741100806362446,0.607112033947242
1,AAACCTGAGAGACGAA-1,0.9265545663275154,0.5881251390954623,0.7819701072337498
2,AAACCTGAGTCGATAA-1,0.8885654033367046,0.1425041226822194,0.0118155882765184
3,AAACCTGGTAGCACGA-1,0.0919400233347669,0.4516764772082132,0.478933584421613
4,AAACCTGGTCACCTAA-1,0.7766937517561093,0.271674266785277,0.4430555058431455
5,AAACCTGGTCTGATCA-1,0.8833762394155559,0.8720118841372207,0.4769116146912374
6,AAACCTGGTGGTCTCG-1,0.5412902249760471,0.028148453806399,0.4328471959899866
7,AAACCTGGTTCCGGCA-1,0.1749490443367503,0.3750569294977,0.9031428652800754
8,AAACCTGTCATATCGG-1,0.9021959372754876,0.4989025824861696,0.6553271946318773
9,AAACCTGTCCCGGATG-1,0.0452276797108658,0.4021062160447267,0.1838148278778864
10,AAACCTGTCCGCATAA-1,0.9557168201268268,0.5991244456054055,0.8758910551399086
11,AAACCTGTCGCTTAGA-1,0.6702355939274912,0.0225490075574316,0.6323490203320378
12,AAACCTGTCTAGCACA-1,0.7435988176774051,0.6378669927891077,0.4761726673199138
13,AAACGGGAGCGTCAAG-1,0.5381394418101073,0.9771845784278432,0.6883149243203013
14,AAACGGGAGCTAACAA-1,0.9468143188143692,0.7665398101602511,0.794995299425282
15,AAACGGGAGTACACCT-1,0.822282610808373,0.6851350901153079,0.948982322994122
16,AAACGGGAGTCAATAG-1,0.2272396620292058,0.9322377256169028,0.6755962720557482
17,AAACGGGCAAATCCGT-1,0.5440592653741335,0.9156551514965364,0.4304000833936505
18,AAACGGGCAGTCACTA-1,0.0789609304155505,0.678424550855648,0.134962086675727
19,AAACGGGGTGACAAAT-1,0.1983892241300782,0.4178508591057041,0.3068464878756206
20,AAACGGGGTGGGTATG-1,0.4849057649687525,0.2562381449929424,0.3367798944968946
21,AAACGGGTCAATACCG-1,0.1183399832545392,0.644961549918355,0.3455626562334453
22,AAACGGGTCCTACAGA-1,0.1878311746809227,0.941139778108566,0.7309160706394763
23,AAAGATGAGATGTAAC-1,0.6710541735801842,0.8553559412067441,0.8259114886767942
24,AAAGATGAGTGCGATG-1,0.8765539146079468,0.779651794253791,0.3423667917037524
25,AAAGATGCACAGCGTC-1,0.7271604279395395,0.5927946027683113,0.5557619886354509
26,AAAGATGCATCACAAC-1,0.5101164841586797,0.7566404072162313,0.0130326774981023
27,AAAGATGCATGCCTTC-1,0.5576452009828046,0.3972079005327432,0.2534263102465159
28,AAAGATGGTAAAGGAG-1,0.3176791569979379,0.7257343938882723,0.3431018696286194
29,AAAGATGGTACGCTGC-1,0.834967737211752,0.2086187034827549,0.8640434567530295
30,AAAGATGGTTCTGTTT-1,0.557202851887271,0.1954151389857442,0.1675041510340187
31,AAAGATGTCGCAAGCC-1,0.0797539971021655,0.508901923254315,0.7938783222104133
32,AAAGATGTCGCGGATC-1,0.8523888384690237,0.2283189036973792,0.8501612229241327
33,AAAGCAAAGGATGTAT-1,0.6162374610656383,0.3993052330597737,0.5588519847071358
34,AAAGCAAAGGCTACGA-1,0.1298847901672195,0.8088540488428213,0.9836388685541788
35,AAAGCAAAGTTGCAGG-1,0.2426957394383998,0.4773333920276378,0.3214539557328622
36,AAAGCAACACTCAGGC-1,0.1253329742416654,0.7265454612636946,0.8457746509073647
37,AAAGCAACATCTCGCT-1,0.6408117296467832,0.7341199387145748,0.4378456057154861
38,AAAGCAACATGTAAGA-1,0.8670585337443893,0.4978645632759368,0.0048760918254144
39,AAAGCAAGTTAAGATG-1,0.7236905038729085,0.6109984349450206,0.8188206859626813
40,AAAGCAAGTTGAACTC-1,0.1819714666626318,0.9830232477319624,0.7415033991048224
41,AAAGCAATCATGGTCA-1,0.794681058597562,0.2007859833157007,0.908359011854364
42,AAAGCAATCATGTCCC-1,0.6019374989724738,0.8679616921648139,0.7688085291412428
43,AAAGCAATCTCAAACG-1,0.4934167019547192,0.0488250557164254,0.4927630240200582
44,AAAGCAATCTCGAGTA-1,0.6516935407986846,0.4616936135692043,0.8387809445417641
45,AAAGTAGAGACGACGT-1,0.3826811505749393,0.2877806447673197,0.3623226966154839
46,AAAGTAGAGACTAGGC-1,0.1583861233349599,0.6592799137704598,0.6878405276330639
47,AAAGTAGAGCACAGGT-1,0.5924769861870346,0.1046824299212237,0.5639803477828033
48,AAAGTAGAGCGCCTTG-1,0.4851884554342643,0.0751053704973394,0.2734280691346982
49,AAAGTAGAGCTAGTTC-1,0.2912079756853698,0.270911444374492,0.6055261587293717
50,AAAGTAGCACATTCGA-1,0.5290692540103731,0.7975313440323016,0.6538449459391317
51,AAAGTAGGTCACTTCC-1,0.996027057293972,0.0407625227052,0.0092589189491482
52,AAAGTAGGTTAAAGAC-1,0.5041988888599102,0.242527941689276,0.9681259795967688
53,AAAGTAGTCAATAAGG-1,0.9534945051951588,0.7722700041505546,0.2304355240620781
54,AAAGTAGTCACCTCGT-1,0.7972387619846797,0.0664515230067809,0.5279956110293885
55,AAAGTAGTCGCCTGAG-1,0.0999213455520686,0.6219666550445362,0.8695730046721217
56,AAAGTAGTCGTTGCCT-1,0.7702322192779497,0.8778561696210895,0.2020949981547508
57,AAAGTAGTCTGAGTGT-1,0.9182089618857452,0.0820717202812726,0.592416475207925
58,AAAGTAGTCTTAGCCC-1,0.8406697469694417,0.0080275939590437,0.2942690717874742
59,AAAGTAGTCTTGGGTA-1,0.0310603037012292,0.5418182749231223,0.6116622774632897
60,AAATGCCAGGAATCGC-1,0.9597275611616222,0.0440453884665652,0.9254044233514755
61,AAATGCCAGGGATCTG-1,0.4716289603833918,0.2124524590218849,0.4352919154013311
62,AAATGCCAGGTACTCT-1,0.3241560612978549,0.2233973594118248,0.7656148146590285
63,AAATGCCCACAGATTC-1,0.246739832410577,0.937581426079155,0.6653257899812239
64,AAATGCCCACGAGGTA-1,0.8317758013521269,0.7828291315956216,0.6439257752544719
65,AAATGCCCAGACGTAG-1,0.903140567374349,0.9891983186150612,0.8718096494808539
66,AAATGCCCAGTACACT-1,0.1145086561667003,0.0334568733363866,0.968298350596568
67,AAATGCCGTAGGCATG-1,0.4646239145921577,0.1654277967613515,0.6387741086140151
68,AAATGCCGTTCCGTCT-1,0.2318760000573224,0.5840616304981934,0.2722384304956032
69,AAATGCCTCAATAAGG-1,0.464447971192048,0.6961296286548408,0.3276814283128736
70,AAATGCCTCACAGGCC-1,0.1643625475413775,0.7216461095638258,0.471876279733718
71,AAATGCCTCACTTACT-1,0.1319668629937773,0.7993061242075149,0.0278665403884529
72,AAATGCCTCAGCTCGG-1,0.9781444881751644,0.3928356026472052,0.6823032767793408
73,AAATGCCTCGCGTAGC-1,0.0505907300886634,0.092019100068189,0.3345840659686188
74,AAATGCCTCTACTCAT-1,0.5228485181432446,0.3314668452201068,0.197174207481849
75,AACACGTAGCCTATGT-1,0.8807872364523953,0.0802021219041035,0.0795711302612716
76,AACACGTAGGCTACGA-1,0.881029472403325,0.0485872346980996,0.6400928350355771
77,AACACGTCATCCTAGA-1,0.3065966341588692,0.3845593843472417,0.3787092639335879
78,AACACGTGTAGCCTAT-1,0.4718085157065467,0.0393857563943773,0.0969593110746123
79,AACACGTGTAGGGACT-1,0.4970910387118309,0.6505727548466749,0.934862390235884
80,AACACGTGTGCTAGCC-1,0.3352692275834966,0.9854574853665324,0.4618965886852755
81,AACACGTGTGTAATGA-1,0.0037699447925857,0.53473695352449,0.2278371121639355
82,AACACGTGTTCGAATC-1,0.9373520811979128,0.3538519005990731,0.0917242210454873
83,AACACGTTCACCCGAG-1,0.4218320717564406,0.5665839983197813,0.3351005573357972
84,AACACGTTCAGCTCGG-1,0.7115227120926391,0.426998199842198,0.745702475004794
85,AACACGTTCATCGGAT-1,0.1945888526785125,0.9542889528601984,0.4196026637284669
86,AACACGTTCCCAAGTA-1,0.7895209818132418,0.1098589988971241,0.0470980046961311
87,AACCATGCAATGGAGC-1,0.9556379004987634,0.7706289123005755,0.4678966448145788
88,AACCATGCAGGGATTG-1,0.7878939357336769,0.8183486503683483,0.0617332240368773
89,AACCATGGTATATGAG-1,0.2540025390513952,0.0654404217639562,0.0293149989174638
90,AACCATGGTCAGAAGC-1,0.3734812075736694,0.7716805276204833,0.7798711018269487
91,AACCATGGTGCTGTAT-1,0.9216711761770844,0.6421506736021305,0.0057720845009553
92,AACCATGGTTAAAGAC-1,0.4048266711947375,0.6016834877814378,0.8409639555684437
93,AACCATGGTTCCATGA-1,0.827987157268842,0.0797069536043594,0.8920322654611775
94,AACCATGTCACTCCTG-1,0.1864550132603701,0.0337642931262436,0.0652101240069715
95,AACCATGTCATTATCC-1,0.292747775766241,0.0871381645785889,0.0622079153369596
96,AACCATGTCGCATGGC-1,0.8181031138066497,0.1810327017491518,0.1080586996802394
97,AACCATGTCGTTACAG-1,0.7304148497875674,0.7340550127636654,0.2800911526698233
98,AACCGCGAGAATGTGT-1,0.796149384876282,0.7925970139740424,0.2322809437862891
99,AACCGCGAGACATAAC-1,0.8305356211311823,0.8007002763116441,0.0394971162422743
100,AACCGCGAGCCCGAAA-1,0.1072146359321138,0.773280692541531,0.4658512712014456
101,AACCGCGCACAGACAG-1,0.558645007350606,0.7505227980775532,0.086726854462539
102,AACCGCGCACGGACAA-1,0.1616993015225559,0.446231088244714,0.9672872558099748
103,AACCGCGCAGCTATTG-1,0.2577370652329489,0.0929425453148111,0.2886494570337274
104,AACCGCGCATGCCACG-1,0.6691115485927834,0.4778871258863533,0.5154133743215401
105,AACCGCGGTACAGTTC-1,0.6947232691956674,0.9233359857272814,0.1630636527824883
106,AACCGCGGTGTGGTTT-1,0.0513044015169665,0.7239611402463322,0.8604489123308973
107,AACCGCGTCAGAGCTT-1,0.0356922851345092,0.0432359918707678,0.4621272172145692
108,AACCGCGTCAGCACAT-1,0.5441709390441761,0.930467844754534,0.9431543008165162
109,AACCGCGTCCCAAGTA-1,0.3687689124155342,0.8777999331111392,0.7595478102938377
110,AACCGCGTCTGCAAGT-1,0.1930720602755352,0.1490965774585995,0.4268770053141791
111,AACCGCGTCTTACCGC-1,0.4469013534292196,0.9427660562252106,0.1677746787563317
112,AACGTTGAGACACGAC-1,0.5940039895926642,0.3962711917690937,0.0922296815676451
113,AACGTTGAGCGTAGTG-1,0.5574002193084638,0.3323055410491176,0.9345247943784016
114,AACGTTGAGTAGTGCG-1,0.9746575530970394,0.5066801650028434,0.497690799841966
115,AACGTTGCAATGCCAT-1,0.7257899882854092,0.0781129128046104,0.3098992290810402
116,AACGTTGCACAGTCGC-1,0.1804371552723989,0.0951778652554401,0.4978870852777446
117,AACGTTGCAGGGTTAG-1,0.681205168197533,0.8309558584898779,0.996506463387178
118,AACGTTGCAGTCGATT-1,0.6451985692127912,0.2720934250701466,0.071087460488419
119,AACGTTGCATCGGTTA-1,0.7752813225365449,0.0503363879004558,0.8121376160395746
120,AACGTTGGTCTTTCAT-1,0.3736464803035476,0.8841499198053423,0.3097929771937356
121,AACGTTGGTGCGCTTG-1,0.4979470184554935,0.7322062810499498,0.1290781676780868
122,AACGTTGTCACATGCA-1,0.0873971969364556,0.7037195107240088,0.3371186275358795
123,AACGTTGTCATGTAGC-1,0.6158324223959525,0.2122620594872829,0.1103018474193584
124,AACGTTGTCGCCCTTA-1,0.9802074503539828,0.1578241195452536,0.902418736021496
125,AACGTTGTCTAGCACA-1,0.9272524669972916,0.4835001393295483,0.0143246809384814
126,AACGTTGTCTTGGGTA-1,0.6891883566349535,0.8795729507475162,0.8142167756431614
127,AACTCAGAGATGTCGG-1,0.5907566704189193,0.8063122563148764,0.607145230536116
128,AACTCAGCAAGTTGTC-1,0.6334067587915848,0.9961083349471512,0.1371605756036655
129,AACTCAGCAGCGATCC-1,0.6596466150266975,0.7026719959768567,0.1875010958356189
130,AACTCAGGTGATGATA-1,0.1903290619494735,0.7442236908190759,0.1350506958754248
131,AACTCAGGTGATGCCC-1,0.6872332506464293,0.7538782232925296,0.4036540817448157
132,AACTCAGTCCCAGGTG-1,0.0120569996389831,0.4861639937600986,0.1571220788416828
133,AACTCAGTCGTTTATC-1,0.0540522686024206,0.6868902859754311,0.5534960360772697
134,AACTCCCAGATCACGG-1,0.7232674206154472,0.4433959842730067,0.5747600993758516
135,AACTCCCAGCCGGTAA-1,0.881981937124144,0.5571122527532267,0.7256331482789312
136,AACTCCCAGGGTTCCC-1,0.6342219400846416,0.0694629313360137,0.518573770218416
137,AACTCCCAGTTTCCTT-1,0.6692807775679901,0.7176724584821501,0.3314391132040605
138,AACTCCCCAATCTACG-1,0.9083754367757996,0.955759364219228,0.001632037210289
139,AACTCCCCATGATCCA-1,0.2704724130359688,0.6456341475073738,0.9467005256820844
140,AACTCCCCATTGAGCT-1,0.6764127882261662,0.1294171597706576,0.2432539934628315
141,AACTCCCCATTTGCCC-1,0.3646253290784719,0.6268738224553765,0.6983081438762108
142,AACTCCCGTGATAAGT-1,0.6895702890200337,0.8506281008040228,0.657902134062301
143,AACTCCCGTTTCGCTC-1,0.5424705433993012,0.4699807372235504,0.7368344009229152
144,AACTCCCTCAACGCTA-1,0.93932658692173,0.4726235796861526,0.9216546201145404
145,AACTCCCTCCCATTAT-1,0.8347823035447383,0.0230098621867133,0.2859152336183252
146,AACTCCCTCTCCCTGA-1,0.417306651618674,0.4379001557043378,0.9456280185764172
147,AACTCTTAGAATTGTG-1,0.425524835106302,0.6279466527511788,0.2534785847658093
148,AACTCTTAGATGTAAC-1,0.5711444728208087,0.7409641429459236,0.1957656576706455
149,AACTCTTCACAAGCCC-1,0.8973402958984998,0.9052605945573268,0.7206471892175815
150,AACTCTTCAGGTGGAT-1,0.2709009154160507,0.6835303079674565,0.3956309612303638
151,AACTCTTCATGGTAGG-1,0.1912031343950208,0.0971908124518559,0.3413235006348212
152,AACTCTTGTCCAAGTT-1,0.9499931898055,0.5689757094803717,0.573405141566552
153,AACTCTTGTTCGTGAT-1,0.7322601533230472,0.6951622822821002,0.5487613013892171
154,AACTCTTTCCATTCTA-1,0.9338132692255278,0.3755121088052272,0.9833393240723254
155,AACTCTTTCGGCGGTT-1,0.7846444565240381,0.2556711456283737,0.2035969652444486
156,AACTCTTTCGTCGTTC-1,0.2495246042369949,0.0508970403252713,0.7413244354661169
157,AACTCTTTCGTTTATC-1,0.3640419820184023,0.6996202680062,0.7856354088346315
158,AACTGGTAGGAGCGTT-1,0.7558934691854454,0.24906901247739,0.2018421712061581
159,AACTGGTAGTCCTCCT-1,0.6495338934018777,0.7275421217991513,0.5737618280544189
160,AACTGGTCAAGAAGAG-1,0.8956480647200674,0.7241391528634447,0.9248975548222076
161,AACTGGTCAAGCCCAC-1,0.4454911220486955,0.2893533036980025,0.8730150865593734
162,AACTGGTCACCTTGTC-1,0.4423766401948613,0.799838097670905,0.0738841588042219
163,AACTGGTCACGCATCG-1,0.9587081793514334,0.6187545861122627,0.6945600934819363
164,AACTGGTCACGCTTTC-1,0.7832585390984911,0.4398280347279452,0.4391565041856569
165,AACTGGTCATTGCGGC-1,0.6371709704070132,0.4199692353283926,0.5596701716007347
166,AACTGGTGTAATCACC-1,0.2186941256815368,0.0298904306554411,0.3034391182339124
167,AACTGGTGTACACCGC-1,0.9362392115261602,0.3063731942501854,0.0973147226990905
168,AACTGGTGTGTGAAAT-1,0.9017606708273134,0.8463917717239516,0.2240561122196156
169,AACTGGTTCACCGGGT-1,0.0313866762015678,0.2310493736928209,0.0640680072376208
170,AACTGGTTCTGGGCCA-1,0.0811615089511572,0.0678738373133369,0.0062806370636118
171,AACTTTCAGCAGGTCA-1,0.5342360408969579,0.8294165348903313,0.8077428203853
172,AACTTTCAGCGTGTCC-1,0.6125977738342214,0.4143965980146401,0.543255943597785
173,AACTTTCCAAAGTCAA-1,0.158606752193624,0.2034987098931794,0.590911415761996
174,AACTTTCCAGACGCAA-1,0.0587482115952638,0.9219810235327996,0.8912643868968039
175,AACTTTCCATCGTCGG-1,0.382244812315102,0.7066115465521178,0.8524265476637652
176,AACTTTCGTATGCTTG-1,0.0078710507875434,0.181828390021642,0.6948170588176845
177,AACTTTCGTTGTGGCC-1,0.6483360815921485,0.4512208793402422,0.5429574442642544
178,AACTTTCTCATAAAGG-1,0.3355627420968718,0.5190328689823086,0.365952738789601
179,AACTTTCTCGCCAGCA-1,0.4621451426122185,0.0204263451378948,0.669610000875804
180,AACTTTCTCTGCTTGC-1,0.9997259225287618,0.0068305170959158,0.649680476939147
181,AACTTTCTCTTGCAAG-1,0.3418189181577574,0.3532466420764313,0.4661992887785186
182,AAGACCTAGAACTGTA-1,0.8332341607900771,0.746304871844809,0.9175555325083276
183,AAGACCTAGTGTGGCA-1,0.911671906886468,0.4353657763044186,0.7152106262483392
184,AAGACCTCACACAGAG-1,0.6399581695957746,0.1419678233717786,0.8936531291184205
185,AAGACCTCACGGCTAC-1,0.5205316101436351,0.2795727948349639,0.085263100624406
186,AAGACCTCAGTACACT-1,0.5430804845802079,0.3005617020987715,0.2731686556027443
187,AAGACCTCATGCTAGT-1,0.9153732815924266,0.4269080341770874,0.9803910699482224
188,AAGACCTGTGGTACAG-1,0.9920854023487066,0.7941792166112642,0.0386451041983533
189,AAGACCTGTTGATTGC-1,0.4255661458297842,0.0478392169998813,0.7291296754275624
190,AAGACCTTCAGCCTAA-1,0.3081451229989038,0.4857518792632441,0.377344058412849
191,AAGACCTTCCACGAAT-1,0.9568812739607748,0.302790034714629,0.8848451208747239
192,AAGACCTTCTCGTTTA-1,0.5399610806643799,0.9565376000889282,0.5308235894791534
193,AAGCCGCAGAGTACCG-1,0.4874002704709713,0.2338169813650834,0.8160407716638085
194,AAGCCGCAGCGTGAAC-1,0.1484422126535068,0.0784031589992816,0.8992294700955895
195,AAGCCGCAGTTACCCA-1,0.2424993446810459,0.6334598495683117,0.9443076166789076
196,AAGCCGCCACCACGTG-1,0.5519235168723688,0.6892952481099712,0.2340242656198357
197,AAGCCGCCACGGATAG-1,0.9877084320608288,0.0637613540525181,0.5467672102833417
198,AAGCCGCCATCCTTGC-1,0.1896359271679095,0.25901841689185,0.0891898645132355
199,AAGCCGCGTACAAGTA-1,0.2916648114294617,0.7193257386299711,0.0358277721961438
200,AAGCCGCGTGACAAAT-1,0.7813914893993551,0.0005599953039936,0.2545600163650428
201,AAGCCGCGTGACGGTA-1,0.1436014172028742,0.5840164316262647,0.545447271035255
202,AAGCCGCGTGCTCTTC-1,0.0592525860846712,0.901192284935794,0.8110771809842475
203,AAGCCGCTCCACGTGG-1,0.0931141297265559,0.0697957876404916,0.7056957338266137
204,AAGCCGCTCCGTTGCT-1,0.3844662996850999,0.8215810336660146,0.3482922759043028
205,AAGCCGCTCTGCGTAA-1,0.4619370742770111,0.237738071275811,0.6487052804842851
206,AAGGAGCAGTGGACGT-1,0.2972144863888906,0.6016598055197683,0.1033884417771248
207,AAGGAGCGTAAACCTC-1,0.9968677927605964,0.3353654910571703,0.3317779675591533
208,AAGGAGCGTAACGCGA-1,0.0432319359208431,0.2234240752947192,0.460368996964921
209,AAGGAGCGTACCAGTT-1,0.4765276087140779,0.0700469673895874,0.0024945028641392
210,AAGGAGCGTGAGGGAG-1,0.4027125394231736,0.3223500171722923,0.8132265698963667
211,AAGGAGCGTTGGGACA-1,0.6782334081637947,0.8612062993165006,0.1384696125738723
212,AAGGAGCGTTGTCGCG-1,0.7788758513899161,0.1584043922827911,0.0475302222060685
213,AAGGAGCTCAAGGCTT-1,0.0091411038423181,0.6447702518610223,0.1670723856662772
214,AAGGAGCTCACGACTA-1,0.0500700131933622,0.2813407231368077,0.1471785882028713
215,AAGGAGCTCAGCTCGG-1,0.899794208856265,0.9852093721391147,0.4280933477285458
216,AAGGAGCTCCGGCACA-1,0.3196486617568411,0.1256908688027594,0.7973237809166248
217,AAGGAGCTCGCTTAGA-1,0.6738169275481067,0.93129108729927,0.4800401459544252
218,AAGGAGCTCTGTCAAG-1,0.2122876682672423,0.3834186829536092,0.3813112796242911
219,AAGGCAGAGTGTCCCG-1,0.9896731503004672,0.2215375233561982,0.2918220340769385
220,AAGGCAGCAAAGCAAT-1,0.4446564098820252,0.2098065905624693,0.5311955639084919
221,AAGGCAGGTCTCTCTG-1,0.5629413867035555,0.5140361191868227,0.7152744874854867
222,AAGGCAGTCGCGTTTC-1,0.2300048056982423,0.9588590812692636,0.0906134016040016
223,AAGGCAGTCGGACAAG-1,0.5420650789632031,0.4355968629905157,0.1391930410568159
224,AAGGCAGTCGTACCGG-1,0.0903890972508245,0.6940492260901028,0.6453403772319717
225,AAGGCAGTCTATCCCG-1,0.719610925613328,0.0008091314006812,0.2083303830356175
226,AAGGTTCAGACATAAC-1,0.1803496472420369,0.8698129979802965,0.0404830555643537
227,AAGGTTCAGCTGCCCA-1,0.3119456035656348,0.2928802137738214,0.3694312005908338
228,AAGGTTCAGTGACATA-1,0.1819606525456055,0.1638571172156278,0.4522344205233017
229,AAGGTTCAGTTATCGC-1,0.9818101599149692,0.2052616226099446,0.9443905184388026
230,AAGGTTCCACACGCTG-1,0.480505698309432,0.1769846931215704,0.6086270874948441
231,AAGGTTCCACTGCCAG-1,0.5232649125815882,0.7507498610615357,0.2424793694553938
232,AAGGTTCCACTTAACG-1,0.2732857533395542,0.39940789081717,0.2751941328945448
233,AAGGTTCCAGTGGGAT-1,0.8899893642102327,0.4085627374919109,0.4201885401413672
234,AAGGTTCCATATACGC-1,0.5164884683544868,0.3291612016342293,0.6595443739795019
235,AAGGTTCCATGGGAAC-1,0.95860910489898,0.8243848312920224,0.0942158605789581
236,AAGGTTCTCCCTAACC-1,0.6619164661937084,0.9438281790454622,0.3131352789922373
237,AAGGTTCTCGGCTACG-1,0.960734172711998,0.9110580525579768,0.4869566960828881
238,AAGTCTGAGGGTGTTG-1,0.6426219356192964,0.2136758617875339,0.3622802167599586
239,AAGTCTGAGTTCGCAT-1,0.0794990183169241,0.6357508508253721,0.9097774552771152
240,AAGTCTGCAGCCTGTG-1,0.5007162947209429,0.4262443601920672,0.8290153715060298
241,AAGTCTGGTAACGACG-1,0.9861382683449874,0.6361299777910288,0.4700064894593855
242,AAGTCTGGTACCTACA-1,0.0201095446889754,0.4581075977173013,0.0822054299395362
243,AAGTCTGGTAGCTCCG-1,0.271534625660548,0.6337367587451255,0.2411353528748748
244,AAGTCTGGTGGCGAAT-1,0.5971566768912155,0.9172927428637416,0.0246236479919926
245,AAGTCTGTCAACGCTA-1,0.1575934048576828,0.5077075512562341,0.6098035581918895
246,AAGTCTGTCCTGCCAT-1,0.2006557433472242,0.5114976994001865,0.89907504660144
247,AAGTCTGTCTTGAGAC-1,0.4742171579691941,0.057350495693877,0.4975996489604677
248,AAGTCTGTCTTGCATT-1,0.2582391792527471,0.2394781805670215,0.1265631311902467
249,AATCCAGAGAACAACT-1,0.4556696205396734,0.6956274568654944,0.5968070212034663
250,AATCCAGAGATATACG-1,0.4917481109519565,0.7216226893075133,0.939534376852082
251,AATCCAGAGTGTCCCG-1,0.6880769373487045,0.2916623233433325,0.2737428273619763
252,AATCCAGCAATGAATG-1,0.5748720769616102,0.4770840521994544,0.2255815411982871
253,AATCCAGCACCAGGCT-1,0.142713236627099,0.5694586556378638,0.3585066682527034
254,AATCCAGCACTACAGT-1,0.8689912686216517,0.4905332960978704,0.1915215038807073
255,AATCCAGCATAAAGGT-1,0.6709446440955946,0.8483518763111757,0.8136979968659032
256,AATCCAGCATCTATGG-1,0.3806795700487255,0.6313386794886849,0.9851552572928616
257,AATCCAGTCAGTCCCT-1,0.1956912335267416,0.2193244944721364,0.6761327271701992
258,AATCCAGTCTTCAACT-1,0.6292346904064796,0.1905327618034571,0.063557956225442
259,AATCCAGTCTTCTGGC-1,0.0797027763405701,0.6725982212718928,0.9025962029002512
260,AATCGGTAGGTTCCTA-1,0.5924254502372925,0.4675617042247096,0.3574405499711356
261,AATCGGTCATCGACGC-1,0.5150714384482494,0.1693020779891431,0.3246211877256414
262,AATCGGTGTATAGGTA-1,0.0205755907487751,0.3400548171946725,0.614107656135596
263,AATCGGTGTATGCTTG-1,0.9692783985578052,0.1534060429851135,0.911523857948739
264,AATCGGTGTCAGAGGT-1,0.9094559101120302,0.8322031011478749,0.2084773830840113
265,AATCGGTGTCCAGTAT-1,0.2478576572001736,0.3412081495656061,0.9056507677926016
266,AATCGGTGTCCCTACT-1,0.599473568964976,0.8245990931980327,0.9470641794271696
267,AATCGGTGTTGTGGCC-1,0.3560692094520818,0.8277669988363849,0.2887106058480136
268,AATCGGTTCCGTTGTC-1,0.0692816513144559,0.7113658955174632,0.6748024833435151
269,AATCGGTTCGAACGGA-1,0.7084890939511688,0.126879826528756,0.0635947962179681
270,ACACCAAAGACCTAGG-1,0.0570387502947712,0.1937261580194318,0.3668132359379257
271,ACACCAAAGCGATAGC-1,0.4960977631523576,0.0869776380362308,0.443355375819511
272,ACACCAAAGGTAGCCA-1,0.8687734078839578,0.770228910351375,0.8731101699035538
273,ACACCAAAGTGAAGAG-1,0.8912280384170785,0.1396735742429083,0.4453578670952051
274,ACACCAAAGTGGAGAA-1,0.9640237720793268,0.1127494883325025,0.3596796650574297
275,ACACCAAAGTGGAGTC-1,0.0777527744181942,0.8834081386605872,0.098047653168502
276,ACACCAACACGCCAGT-1,0.8795070597103688,0.8748586172415307,0.89581888291245
277,ACACCAACAGATAATG-1,0.4288079049509085,0.9937299819967356,0.6553644116017834
278,ACACCAACATGCGCAC-1,0.4024779594347697,0.5961137932396913,0.8769802172264838
279,ACACCAAGTGGTAACG-1,0.1647106051970008,0.7273886933475258,0.7580624990497473
280,ACACCAATCAACGCTA-1,0.871876059069926,0.9144064867982667,0.2981488069485295
281,ACACCAATCCACGCAG-1,0.3925794758267844,0.6115495760793297,0.2057365867962437
282,ACACCAATCGGATGTT-1,0.0922171199946766,0.2946383168625207,0.3323530116248551
283,ACACCAATCTCACATT-1,0.1691781820291752,0.8593166080420724,0.5202645761660393
284,ACACCAATCTCTGAGA-1,0.2982865431488173,0.8388978183532297,0.0211783632912403
285,ACACCCTAGACTTTCG-1,0.2866226633678016,0.7180608995934419,0.0649447247362371
286,ACACCCTAGTCGTACT-1,0.3160171918062939,0.2758822621942099,0.7706018188884414
287,ACACCCTAGTGGTAAT-1,0.1657657219527279,0.6648079198821887,0.3655107279597729
288,ACACCCTGTAGCGTCC-1,0.4396631364346784,0.8030265054281108,0.912779800059302
289,ACACCCTGTGATGCCC-1,0.1038806919689807,0.2889242019311093,0.5454647111171939
290,ACACCCTGTGTGGTTT-1,0.5144238844241614,0.6539008342340005,0.4270444443166753
291,ACACCCTGTGTTTGGT-1,0.6584641188967072,0.6865184709708183,0.3950755773925717
292,ACACCCTGTTGGAGGT-1,0.4002605677702723,0.925990147175456,0.4821598635843697
293,ACACCCTTCCAGTAGT-1,0.0757364319603797,0.9497074679952182,0.2937005892975168
294,ACACCCTTCTGCAAGT-1,0.0294277843173462,0.659265281137007,0.3950024488468751
295,ACACCGGAGCTAACAA-1,0.3888680915383281,0.0972290506915816,0.3478258636372959
296,ACACCGGAGTGAACGC-1,0.0602518375646702,0.3279592976417511,0.0439502912338748
297,ACACCGGCATACTCTT-1,0.8197885874668508,0.8796608474057884,0.1867540796470317
298,ACACCGGGTAGCTGCC-1,0.7772013338853366,0.7252984916079631,0.3404209629820004
299,ACACCGGGTATCTGCA-1,0.2795331352992481,0.6825615520782833,0.3816813725377929
300,ACACCGGGTGAGCGAT-1,0.7022227902508913,0.274745728887187,0.5173111738539906
301,ACACCGGGTGGCTCCA-1,0.3947970993922273,0.1919010525415052,0.3534737120718447
302,ACACCGGTCCAAACAC-1,0.5415301933083456,0.924095534897958,0.9109484757597796
303,ACACCGGTCCTTGACC-1,0.0378893344367237,0.0679807020441788,0.5068567552384396
304,ACACTGAAGCAAATCA-1,0.8840964066231687,0.0951283461044253,0.8722376434593336
305,ACACTGAAGCTGGAAC-1,0.3406957519364083,0.2173560888468414,0.0193282591816115
306,ACACTGAAGGATGTAT-1,0.1646762401327742,0.3957060261376062,0.3958314341652335
307,ACACTGAAGGCGCTCT-1,0.2262364950743489,0.3340098764726148,0.453511907641416
308,ACACTGACAAAGCGGT-1,0.2792533865723156,0.518173160901757,0.1462665991181216
309,ACACTGAGTCTACCTC-1,0.3258755300665469,0.8104882982107684,0.9015735229726096
310,ACACTGAGTGACCAAG-1,0.5474014419814484,0.21714845752205,0.1077774135325649
311,ACACTGATCCAGAAGG-1,0.887290037049978,0.9887512987002082,0.4967553964777733
312,ACACTGATCCGCGTTT-1,0.6223694970369301,0.8820076969433571,0.7264666794321041
313,ACACTGATCTGCGGCA-1,0.0715648004466983,0.9368993725340564,0.1515187748378422
314,ACAGCCGAGCTAACTC-1,0.8844633930080031,0.7769711203829817,0.1518178741584479
315,ACAGCCGAGTTTAGGA-1,0.0265670431040657,0.5836531475507243,0.1520802885436816
316,ACAGCCGCAGGACCCT-1,0.8255027881073901,0.5989179667674194,0.3414889324918592
317,ACAGCCGCAGGTGGAT-1,0.4901284723451842,0.8469814251492843,0.1352181818165312
318,ACAGCCGCATACTCTT-1,0.1704333913622098,0.3674137849580527,0.936063888484083
319,ACAGCCGGTTCAGCGC-1,0.4236894562772345,0.7320470029223183,0.7230024920295841
320,ACAGCCGGTTGACGTT-1,0.7620455535454598,0.6353657855381225,0.087554132024869
321,ACAGCCGTCCACTGGG-1,0.6811823414117893,0.0992031356803814,0.7225008675628668
322,ACAGCCGTCGCACTCT-1,0.3024335579205035,0.5238787229872832,0.7672037521943856
323,ACAGCTAAGACCCACC-1,0.2142383232140357,0.8106479934793797,0.4043071560561431
324,ACAGCTAAGGATGGAA-1,0.4912417821493036,0.7985491281627068,0.0687905097307
325,ACAGCTAAGGGTGTTG-1,0.4470324232742724,0.9030231789825268,0.16095156880102
326,ACAGCTACACCGTTGG-1,0.3857859118763904,0.7890506568124142,0.3892495437284256
327,ACAGCTACATAGGATA-1,0.6836377976423965,0.6937963684665875,0.7086151043399163
328,ACAGCTAGTAAGGATT-1,0.2900052780899946,0.2987688911882873,0.1438409733962741
329,ACAGCTAGTAAGGGAA-1,0.8767495524530348,0.3371523212751933,0.0051143096913687
330,ACAGCTAGTCGAATCT-1,0.5553021610283863,0.4319010533742667,0.1836503021232762
331,ACAGCTAGTCTCGTTC-1,0.9502782706480184,0.7888442945218797,0.4994206119407488
332,ACAGCTAGTGACGGTA-1,0.9455141060546116,0.2024337031782468,0.8483922917550447
333,ACAGCTAGTGTTGGGA-1,0.884830353507059,0.0005733149060388,0.9518150049755374
334,ACAGCTATCAACCAAC-1,0.2887176695425195,0.8389287304585022,0.9827762162989916
335,ACAGCTATCATTTGGG-1,0.2641303589264354,0.7602340945616389,0.634240251807106
336,ACAGCTATCCAATGGT-1,0.6757204126620628,0.8725578207870208,0.7475525186662476
337,ACAGCTATCCCTCTTT-1,0.4579297586030929,0.5026646865990443,0.2782246670716641
338,ACAGCTATCGCTAGCG-1,0.0494011348612356,0.5498363644205092,0.9415857833789092
339,ACATACGAGGCGACAT-1,0.581191537049546,0.0696239912356838,0.0645139075202942
340,ACATACGAGTGCCATT-1,0.4598003460110283,0.8026415503708295,0.7487934239797075
341,ACATACGAGTGGAGAA-1,0.6614729421804728,0.523434057013556,0.7083939375633767
342,ACATACGCACTACAGT-1,0.353482482275087,0.4800586708301019,0.2488661830385179
343,ACATACGCAGCTATTG-1,0.9024380222121712,0.3709484541382308,0.2546070193359195
344,ACATACGCATGGTAGG-1,0.5155225161070047,0.5045595650845838,0.3427854807534946
345,ACATACGGTATAGGTA-1,0.7342915261838399,0.9621246513485636,0.7000071148314976
346,ACATACGGTTCTGTTT-1,0.4625422416704412,0.7940209775473781,0.0318742203282959
347,ACATACGTCCGTACAA-1,0.994813078627718,0.4163252624988424,0.453808573166031
348,ACATACGTCTTAGAGC-1,0.3110744930367037,0.9030245913526184,0.4304800726734515
349,ACATCAGAGGCGATAC-1,0.09161404530916,0.6118207769658012,0.7354887394218041
350,ACATCAGAGTACCGGA-1,0.4066250045047788,0.6306703468871763,0.8360170568269674
351,ACATCAGAGTACGCCC-1,0.5296959360677156,0.9146997455571704,0.9277488049975574
352,ACATCAGCATACCATG-1,0.6754966892495184,0.8296142433703612,0.9388646239041788
353,ACATCAGCATGCCCGA-1,0.073692883384966,0.5005394730067483,0.4052077675783062
354,ACATCAGGTTATCGGT-1,0.6794240208513284,0.1081218147421652,0.0279687580943192
355,ACATCAGTCAACGGCC-1,0.6551425714157499,0.9263589448482684,0.4784137290453792
356,ACATCAGTCATCGGAT-1,0.2717799523883253,0.6759054395806944,0.1351599295713977
357,ACATCAGTCTCGGACG-1,0.8513528705925258,0.5779285274672143,0.970222758524317
358,ACATCAGTCTTAGCCC-1,0.4400071527221121,0.4355247228414415,0.538381430456521
359,ACATGGTAGACTTGAA-1,0.294904391513194,0.210439375278839,0.2212437578291614
360,ACATGGTAGCAATATG-1,0.5955061342835718,0.0235880572294326,0.9673296443466934
361,ACATGGTAGCACGCCT-1,0.2588194714960063,0.436787290779118,0.1045994321539042
362,ACATGGTAGGGCTCTC-1,0.9633546098980924,0.1327910262149643,0.6302206478181454
363,ACATGGTAGGGTGTTG-1,0.1229108761581185,0.554397994432719,0.6860671965351611
364,ACATGGTAGTTACCCA-1,0.7411243914878162,0.9350392040679386,0.8635823203377657
365,ACATGGTCAGCGTTCG-1,0.2895766739280225,0.2853948908062166,0.111852880905074
366,ACATGGTCATACTACG-1,0.4403993195193194,0.8157084015246875,0.2482237054240945
367,ACATGGTGTACGACCC-1,0.0629657573285958,0.8074342999218451,0.967365543578269
368,ACATGGTTCACCAGGC-1,0.8896892039208009,0.7149183739705591,0.3683364434368037
369,ACATGGTTCCAGATCA-1,0.2206494954450252,0.6783703897093825,0.6779330999073818
370,ACCAGTAAGACCTAGG-1,0.8977258202526869,0.8295489702798806,0.7832767813372754
371,ACCAGTACAAACGTGG-1,0.7940526503139443,0.5827566203732303,0.7310894899034094
372,ACCAGTACACCATGTA-1,0.4541828474016405,0.1978603634403194,0.1838673948914793
373,ACCAGTACATCAGTAC-1,0.307033790186191,0.0292235725497733,0.604761476100047
374,ACCAGTAGTAAGAGAG-1,0.8526385875722364,0.0250703649975733,0.5046773362357857
375,ACCAGTAGTCTACCTC-1,0.3597435593114667,0.4393870777441531,0.6419471908607759
376,ACCAGTATCATCATTC-1,0.7373638032806267,0.801946886852765,0.5301537728347533
377,ACCAGTATCCCAAGTA-1,0.6498458071973398,0.0698502568733323,0.3832321980413115
378,ACCCACTAGATGCGAC-1,0.3750180502873997,0.1731020604499064,0.4507598352693374
379,ACCCACTAGTCCTCCT-1,0.0851724709573394,0.8189904703641155,0.6172598451410344
380,ACCCACTCACCCAGTG-1,0.4511108061269159,0.3462546563218034,0.2155542532356452
381,ACCCACTCAGTCTTCC-1,0.9161072250226062,0.8781952234735906,0.7428940354956016
382,ACCCACTCATACCATG-1,0.8432002951780274,0.588396753606852,0.8234591171526516
383,ACCCACTGTACGACCC-1,0.1365766198328776,0.5131237592883349,0.493352812894718
384,ACCCACTGTATGAATG-1,0.009267101203791,0.7444604330082477,0.0450025630154357
385,ACCCACTGTCTCAACA-1,0.6704937639440479,0.909596166439502,0.7380189703135475
386,ACCCACTGTCTGCAAT-1,0.4579356219128213,0.3254022941472353,0.3623826878103585
387,ACCCACTTCAGCTGGC-1,0.0671358551541444,0.4738796183532738,0.7409150843212587
388,ACCGTAAAGCCCGAAA-1,0.1585515244592497,0.2422494053669078,0.9504653378513744
389,ACCGTAAAGGACGAAA-1,0.2158552903256443,0.0100265991856655,0.0574713609682886
390,ACCGTAAAGGCACATG-1,0.9815316649046246,0.5703509017979206,0.0310719336832593
391,ACCGTAACAATTGCTG-1,0.2517690800205844,0.2527757187382228,0.0341651025171431
392,ACCGTAACACACTGCG-1,0.5243752919539738,0.6409289588025959,0.7705502954885007
393,ACCGTAACATGGTCAT-1,0.4497631600836286,0.0712561607766526,0.7147703176015939
394,ACCGTAACATTGCGGC-1,0.2311086034504826,0.8177398935511119,0.5400874474030332
395,ACCGTAAGTACAGACG-1,0.4138590027953732,0.8270919128863421,0.6330556123715176
396,ACCGTAATCACAAACC-1,0.5791016249757163,0.9281310630750365,0.3704518497523276
397,ACCGTAATCAGAAATG-1,0.7551918901587016,0.6661081638860193,0.3978838796389076
398,ACCGTAATCAGCTTAG-1,0.7766022928792883,0.66119016971147,0.3888406679892329
399,ACCGTAATCGGCGCTA-1,0.5839463180555663,0.7432595922715325,0.1380757714917155
400,ACCTTTAAGGTTACCT-1,0.3417996768728918,0.3112690415791169,0.7404948710457994
401,ACCTTTAAGTCGTACT-1,0.2428500381644573,0.9817076872954416,0.7189128981519511
402,ACCTTTAAGTCTCAAC-1,0.0768525595285097,0.8938491817567844,0.3464857671388185
403,ACCTTTAAGTGCTGCC-1,0.7779294691870274,0.4131265276851864,0.7668280241741725
404,ACCTTTACAACTGGCC-1,0.0857847822402223,0.3617259717956417,0.7860284813883329
405,ACCTTTACACGCATCG-1,0.1964795296289299,0.4758724314919818,0.0461968469545593
406,ACCTTTACATCACCCT-1,0.8514285077032644,0.0677976841371945,0.9192787985253242
407,ACCTTTAGTAAGCACG-1,0.3444808392727961,0.1164836865053663,0.6330554419492328
408,ACCTTTAGTCCAACTA-1,0.5765293204046151,0.6367662907122623,0.5159560830442724
409,ACCTTTAGTTCCACTC-1,0.8830101062027756,0.7478928805625549,0.7227291715638139
410,ACCTTTATCATCGCTC-1,0.1979986946655998,0.8813592120772803,0.9874638697272776
411,ACCTTTATCATGCATG-1,0.197594774446987,0.2844572386906984,0.4565307548703692
412,ACCTTTATCCCAACGG-1,0.2870875703625493,0.7913422479601594,0.2021729704416127
413,ACCTTTATCGGCATCG-1,0.8363821179268032,0.4270364255092298,0.1811958154136407
414,ACCTTTATCTAGCACA-1,0.542022850257078,0.3755307357412718,0.998153740882673
415,ACGAGCCAGCTGAAAT-1,0.8171559804417942,0.1436187001844764,0.2451731292576359
416,ACGAGCCAGGTGTTAA-1,0.7350880385495853,0.6537674256590941,0.3087280793869363
417,ACGAGCCAGTAGGTGC-1,0.6124761668253195,0.9274348902809478,0.3216679053560517
418,ACGAGCCAGTTCGCAT-1,0.269040943175739,0.8650621319934944,0.613949716681908
419,ACGAGCCCACGCATCG-1,0.9473399960949018,0.3212284183719145,0.4868610826282601
420,ACGAGCCCAGACGCCT-1,0.7873116044779923,0.613048794100588,0.4875937645076678
421,ACGAGCCCAGTAAGAT-1,0.3599558943632319,0.4159660684934737,0.4358051738876288
422,ACGAGCCCATCACAAC-1,0.0720432662207278,0.3010428094309058,0.345010261890921
423,ACGAGCCGTAACGTTC-1,0.7862898650898714,0.9331857641000674,0.5888472010979339
424,ACGAGCCGTAGCTAAA-1,0.0140946556630847,0.5059209614583643,0.485821259289306
425,ACGAGCCGTCCGAGTC-1,0.9404305238969392,0.1974217260909827,0.549505265369599
426,ACGAGCCGTCGAGTTT-1,0.7478255746255196,0.1908449283037996,0.9033430774869432
427,ACGAGCCTCCCGACTT-1,0.5801297339156847,0.6257443595005243,0.3602442550377919
428,ACGAGCCTCTCGATGA-1,0.33038841644243,0.980564033864641,0.0666828863652236
429,ACGAGCCTCTGCGACG-1,0.7313948358018044,0.6126065368789042,0.1160530703631016
430,ACGAGGAAGGAGTACC-1,0.291972869692246,0.934568180082067,0.5376437951580764
431,ACGAGGACAAGCCGTC-1,0.5496920668276748,0.9506817505027466,0.0972198582740587
432,ACGAGGACACAGCCCA-1,0.4296772982321243,0.1849981889701284,0.4107040550038793
433,ACGAGGACATTAACCG-1,0.0277584998647658,0.5476091992249211,0.8054080814683465
434,ACGAGGAGTGTGACCC-1,0.973512831970946,0.6174479358130261,0.6535347093512838
435,ACGATACCAAGCCGTC-1,0.1342711779379469,0.5444384690436764,0.11233953668852
436,ACGATACCACAGATTC-1,0.9903687037309374,0.468851660092246,0.5214226584125544
437,ACGATACCACAGGCCT-1,0.562898808481538,0.912037325859119,0.0148243222377512
438,ACGATACGTATAGTAG-1,0.3984519364690654,0.4855564085698335,0.5201734696187575
439,ACGATACGTCGCGAAA-1,0.1626152677768891,0.3021720226113318,0.9047928297467664
440,ACGATACGTGATGCCC-1,0.975235256131863,0.0433287480572064,0.8446395491282982
441,ACGATACGTTTAGGAA-1,0.1215110637783432,0.14466425013247,0.7495539949803639
442,ACGATACTCACCCTCA-1,0.1253435838487083,0.0011404183342401,0.5796495516819856
443,ACGATACTCGCGATCG-1,0.359685844974439,0.5030851037545119,0.2458207040646977
444,ACGATACTCTGGTATG-1,0.2645408514565049,0.495672740227679,0.0866709856569346
445,ACGATACTCTGTTTGT-1,0.196415850827899,0.0444015871954636,0.7973168349350114
446,ACGATGTAGGATGGAA-1,0.0739478499981814,0.1966056272128017,0.2895583276421049
447,ACGATGTAGTGGAGTC-1,0.5897627687365434,0.4557015305563516,0.94338395048086
448,ACGATGTCAACACCCG-1,0.2605164381349845,0.9547745467995664,0.8421295890160061
449,ACGATGTCATTGAGCT-1,0.1393012931060917,0.2103773213572184,0.6278712896804581
450,ACGATGTGTGATGCCC-1,0.4092586013927677,0.0701744799836414,0.8994374939740105
451,ACGATGTGTTACCAGT-1,0.6378581132601878,0.2967501202080993,0.926350133993824
452,ACGATGTGTTGCCTCT-1,0.8083768696263953,0.529152229219353,0.1881124554733402
453,ACGATGTTCAGTACGT-1,0.6464883257678847,0.3018920024204444,0.6350797638070341
454,ACGATGTTCCAACCAA-1,0.1053514466327977,0.0948956609080451,0.1054965796102972
455,ACGATGTTCCAGAAGG-1,0.1620185521737536,0.1590496126224286,0.0150956249062393
456,ACGATGTTCCGGGTGT-1,0.9984518672620528,0.3545732428002099,0.5007015808041972
457,ACGATGTTCTTTACAC-1,0.8394175501603578,0.1216691675842123,0.0001505916859524
458,ACGCAGCAGCTCCCAG-1,0.2858705930234928,0.4559336483710587,0.9309232426398016
459,ACGCAGCAGTTTAGGA-1,0.4214591539163795,0.5155936054900819,0.9194460001545316
460,ACGCAGCCAAGCGCTC-1,0.6759452594606936,0.4690005880714759,0.6205994467816119
461,ACGCAGCCAATGGAGC-1,0.3481058138160459,0.7592325447346663,0.5844458642770677
462,ACGCAGCCAGACGCCT-1,0.5813840688467962,0.9863212179778869,0.2684097952532656
463,ACGCAGCCATTCCTGC-1,0.9070085726578144,0.8726638405908184,0.4194572601152515
464,ACGCAGCGTACCAGTT-1,0.3320560367785876,0.3434108945014736,0.2733683610043008
465,ACGCAGCGTCACCCAG-1,0.7356991318685036,0.022234866574078,0.4783585947055838
466,ACGCAGCTCCAACCAA-1,0.7198320533131853,0.8245647594623896,0.3159173850928779
467,ACGCAGCTCCGCTGTT-1,0.4882504918805588,0.041030740020173,0.5716313934552177
468,ACGCAGCTCGTAGGTT-1,0.2058082455889505,0.0187642996480656,0.0945331138322791
469,ACGCCAGAGCCACCTG-1,0.6131509066494284,0.0563088213464492,0.2000457497227229
470,ACGCCAGAGCCAGTTT-1,0.6103761955808891,0.159883013703785,0.090759837665197
471,ACGCCAGAGCGCCTTG-1,0.6044119046898635,0.9570165184194326,0.4402723980653098
472,ACGCCAGAGCTTCGCG-1,0.3612451342986026,0.9022200256174472,0.5119282476857034
473,ACGCCAGGTTATGTGC-1,0.0057294601780177,0.6146239855246021,0.8423380995380595
474,ACGCCAGTCAGTACGT-1,0.9126615732933168,0.8251925982384866,0.1665634220913058
475,ACGCCAGTCGCCCTTA-1,0.1617740818608973,0.2407770793979463,0.2076522226580435
476,ACGCCAGTCGTCACGG-1,0.5768277668987456,0.7083425136257009,0.7086811450632864
477,ACGCCAGTCTTGTATC-1,0.4017004104488022,0.775772623054738,0.1873061144426508
478,ACGCCGAAGCTAGTGG-1,0.7371496021284734,0.9154090225851992,0.682737499187895
479,ACGCCGAAGCTGAAAT-1,0.5455902163639611,0.1681766121564379,0.7813401813536377
480,ACGCCGAAGCTGAACG-1,0.016174093206463,0.1911143612241262,0.8953927261567673
481,ACGCCGAAGTACGACG-1,0.4073668996761768,0.7467209160675372,0.957927263475576
482,ACGCCGAAGTGAATTG-1,0.0405985445289337,0.6921368958294575,0.5779304414961488
483,ACGCCGACAGACAAAT-1,0.6488787590643215,0.6218461191798108,0.9280738185006724
484,ACGCCGACATCCGTGG-1,0.6435844261812881,0.9384989076250696,0.398858332282853
485,ACGCCGACATTTGCTT-1,0.901239398124013,0.2429773914931844,0.019595988094945
486,ACGCCGATCACAAACC-1,0.760829298598348,0.3360661794517408,0.8961406362220621
487,ACGCCGATCTCCGGTT-1,0.1492651463139102,0.544479591899009,0.1766636965988426
488,ACGGAGAAGCGCTCCA-1,0.0046529283928608,0.8404103640717424,0.7613525031420282
489,ACGGAGAAGGGAACGG-1,0.6717544730220174,0.8381075268062932,0.8463205130329751
490,ACGGAGAAGGTCATCT-1,0.9813105050685988,0.3639174865207767,0.9260584217554972
491,ACGGAGACACACTGCG-1,0.5190981920993354,0.7393341573600276,0.8875902873576834
492,ACGGAGACACCTATCC-1,0.0430403789436671,0.2477559791342141,0.3644882353068445
493,ACGGAGACACGAAATA-1,0.2530979697040535,0.3732509239341262,0.6807716501507038
494,ACGGAGAGTACATGTC-1,0.1230218167633852,0.8910988916354258,0.7605968917847374
495,ACGGAGAGTGATGCCC-1,0.7609028501891217,0.5770531228344951,0.0025524748025985
496,ACGGAGAGTTAAGGGC-1,0.8664860755417247,0.3909195663851605,0.3473612222901264
497,ACGGAGATCTCTTGAT-1,0.5457995331639761,0.6668381566700238,0.9956069117660348
498,ACGGCCAAGGCTAGAC-1,0.1623377611927099,0.1046751411630273,0.8869032990242461
499,ACGGCCACATCACGTA-1,0.8237566491444962,0.5699811273045988,0.5530670528725729
